id,boot
707cf2bc-2592-485c-bad9-457a548b7ef3.jpg,Nike-Tiempo-Legend
34048aec-04d6-4cb2-94d7-2be4d778ee5e.jpg,Nike-Tiempo-Legend
71f5e84e-542d-45d9-a46e-624ded47a7e3.jpg,Nike-Tiempo-Legend
b48f1e0d-1275-4831-88f4-8505661b42dc.jpg,Nike-Tiempo-Legend
53ac7b15-e868-4bfa-80b0-1d1c91ec4c17.jpg,Nike-Tiempo-Legend
885ac18b-66a4-4b78-b32b-92dc7a63cf14.jpg,Nike-Tiempo-Legend
5bf4bd4f-236b-468a-9394-2a9890e9e925.jpg,Nike-Tiempo-Legend
19fc06ff-6aae-404f-b261-c6d4be443c18.jpg,Nike-Tiempo-Legend
ad34139f-d829-41a6-901f-43fdf71eb34f.jpg,Nike-Tiempo-Legend
0f544afe-c615-4a8a-bf01-a75215e3c6bd.jpg,Nike-Tiempo-Legend
5dee68b0-5ceb-49bb-a840-2525b6973dc3.jpg,Nike-Tiempo-Legend
3a3777e6-5a3d-40c2-b64c-94bf56c5081e.jpg,Nike-Tiempo-Legend
2da2337f-415f-45ee-9c6e-83126f6ea9ad.jpg,Nike-Tiempo-Legend
6bd5eac3-add3-48e6-880a-930e12c26649.jpg,Nike-Tiempo-Legend
e429ebbb-db89-4e94-8a19-d0ddb09f050f.jpg,Nike-Tiempo-Legend
d289cf0d-bd75-473d-93b5-664305a6eaa4.png,Nike-Tiempo-Legend
b5d9e9d5-528b-49b3-9c2d-14563dd92737.jpg,Nike-Tiempo-Legend
77057edb-31d8-49d4-960e-ea830154e70f.jpg,Nike-Tiempo-Legend
d582df73-d824-4e81-a9ff-ddc49cce33eb.jpg,Nike-Tiempo-Legend
41073f8f-b5a2-485c-bfc8-210f7555d20e.jpg,Nike-Tiempo-Legend
1ad16d7e-74b1-4578-8df3-5ae0fecf67bb.jpg,Nike-Tiempo-Legend
fb59d965-923e-4ba8-80fe-66cde13d8398.jpg,Nike-Tiempo-Legend
843bebcc-2206-43bb-aff9-aa74de133949.jpg,Nike-Tiempo-Legend
3f60aa6b-4d94-4e77-b741-04b3598efdd9.jpg,Nike-Tiempo-Legend
2bdfe453-7015-4755-adff-d11e5181b976.jpg,Nike-Tiempo-Legend
ce2d3d50-1f3a-491b-a289-4638edb42f34.jpg,Nike-Tiempo-Legend
255bfef9-e38e-4048-81c1-4f1f5bf0c491.jpg,Nike-Tiempo-Legend
435523e0-b7b3-40f7-8519-576d74b35f6e.jpg,Nike-Tiempo-Legend
5e0abcf4-b823-4559-b4fa-adfafb45f3ea.jpg,Nike-Tiempo-Legend
9f45cfb0-26f5-43cd-a590-b32a72a075b8.jpg,Nike-Tiempo-Legend
d247097c-9a83-44b0-987c-f54531d2cc75.jpg,Nike-Tiempo-Legend
f217a8a8-0c3b-4a84-9bf4-ce18278a104e.jpg,Nike-Tiempo-Legend
cea6740e-9c06-4002-8757-8c8d579a907d.jpg,Nike-Tiempo-Legend
7c1850ca-3f46-4076-9b9a-ccb8527013e5.jpg,Nike-Tiempo-Legend
b376668d-e504-4f21-bab4-57485f982195.jpg,Nike-Tiempo-Legend
5da3b5ad-18cd-48de-abec-ae6845cbb2a5.jpg,Nike-Tiempo-Legend
1abe7ff4-c345-4031-9bb4-a57043887954.jpg,Nike-Tiempo-Legend
b0c9cfb5-0326-46b7-95e7-daa5c05003e1.jpg,Nike-Tiempo-Legend
87abbe14-2755-4587-a5f2-c4009fa647e5.jpg,Nike-Tiempo-Legend
beb2171b-0b4c-4324-a9bd-0591c9ce1f11.jpg,Nike-Tiempo-Legend
e3e154a7-3d27-438b-af45-ea0a3849039d.jpg,Nike-Tiempo-Legend
f657c615-6076-4ae1-917f-95efab3fce36.jpg,Nike-Tiempo-Legend
5651a782-3a13-40ec-9c90-961cbfed1677.jpg,Nike-Tiempo-Legend
a12e72ce-cb19-4f2d-911f-7f4472af8ec9.jpg,Nike-Tiempo-Legend
ee0d31d4-34a9-4ed5-8717-03539eabc909.jpg,Nike-Tiempo-Legend
c2bc230c-abcb-4e05-998c-e1d3b4932a71.jpg,Nike-Tiempo-Legend
a37346c6-ee60-404d-a980-e21497e6ec62.jpg,Nike-Tiempo-Legend
70a218ff-984d-42ab-953b-e2d377ddc1de.jpg,Nike-Tiempo-Legend
815d007f-c109-4d3b-9001-f9297799edf9.jpg,Nike-Tiempo-Legend
044e87a4-a77a-4a51-a65a-173929242b04.jpg,Nike-Tiempo-Legend
467fe20a-e06e-4408-bcc5-41fb28588d17.jpg,Nike-Tiempo-Legend
3ecdab28-2c4e-4b36-a45f-6b5c32eb1a32.jpg,Nike-Tiempo-Legend
e008efb6-3c23-44f2-81bd-62840e8a414f.jpg,Nike-Tiempo-Legend
dcf3eb98-8097-46f0-9d04-9e6f1c337f69.jpg,Nike-Tiempo-Legend
80916d61-944d-45cf-8537-bdc64feb3df5.jpg,Nike-Tiempo-Legend
d6631428-e4dd-4b0d-bde0-099bce7efa5c.jpg,Nike-Tiempo-Legend
fd868adf-db60-40f5-b235-96eed7b786d0.jpg,Nike-Tiempo-Legend
fb442956-567c-4fce-a222-cf99059b52b9.jpg,Nike-Tiempo-Legend
862d69d6-5ee6-4d79-8044-7a42c2519073.jpg,Nike-Tiempo-Legend
ee4e9e4b-b8ca-44fb-b0f3-b5c68ec57c06.jpg,Nike-Tiempo-Legend
c83f3e5b-96a0-458d-a35b-67b0f8edbc2f.jpg,Nike-Superfly-8
a4fdb65d-b85e-482b-bde4-c9a6c04838d9.jpg,Nike-Superfly-8
1df36fd3-0184-470f-88b8-be6bd53f6f56.jpg,Nike-Superfly-8
01dfdd1b-3390-459e-b7fe-6cadd5700238.jpg,Nike-Superfly-8
1ccbd89b-9549-458e-a176-20d9d005ac9d.jpg,Nike-Superfly-8
d4a6d91c-9649-417e-807f-81cefc265d34.jpg,Nike-Superfly-8
ab0b6ba7-efb4-4f65-8df7-531869c8b2b1.jpg,Nike-Superfly-8
42338a0b-cafa-4ecf-b9ef-7c2bc87a1ae4.jpg,Nike-Superfly-8
587ec05d-a2ce-4157-9766-3b25f5a3095f.jpg,Nike-Superfly-8
d59f021d-fb1d-4dde-af8f-80982ec1134b.jpg,Nike-Superfly-8
8ace7e44-6244-4233-95f2-1db37207ec29.jpg,Nike-Superfly-8
1dcfc5c7-7edc-47a0-bf88-f1c9db67f30c.jpg,Nike-Superfly-8
b40c1247-82e6-40e3-bc9d-60e3f9136911.jpg,Nike-Superfly-8
15c6094e-5ed0-40c8-bc00-4987b220ab69.jpg,Nike-Superfly-8
e2864d43-70e0-4dec-a5e6-eaa44b7444bb.jpg,Nike-Superfly-8
b9f29dec-da9a-43e0-a66a-a7fbe20ea665.jpg,Nike-Superfly-8
8a5a5beb-077a-463a-a170-4920b5ff9152.jpg,Nike-Superfly-8
a28d690a-8058-4492-a38a-d8c635e28cf2.jpg,Nike-Superfly-8
bdf81701-89c7-4119-bdf2-e3399a96d0d0.jpg,Nike-Superfly-8
dbc4e9bd-ac66-460e-8ea3-5d7b3675d64d.jpg,Nike-Superfly-8
249419a3-fe35-44dd-9738-a4999ecc7a14.jpg,Nike-Superfly-8
7f089022-dbac-42ea-9310-6a983632d40e.jpg,Nike-Superfly-8
1b5460dd-1d94-4f78-aa4c-f0e6c329998f.jpg,Nike-Superfly-8
fa3e473e-ce5a-4f15-bbd9-78168d4b9a14.jpg,Nike-Superfly-8
f830ea15-c4d5-4014-9dc6-14306dc40a02.jpg,Nike-Superfly-8
46979abd-4aca-4224-9454-9cc3628316b3.jpg,Nike-Superfly-8
57f3182f-94a6-4a28-b10a-4723c793d566.jpg,Nike-Superfly-8
55cfa6f8-5e3d-49b6-b8ac-913ef571c40d.jpg,Nike-Superfly-8
3ddfa392-1c96-4927-9bdd-395de5bd0a6b.jpg,Nike-Superfly-8
26c2774d-d781-4514-a1af-3d7bfc89dfe7.jpg,Nike-Superfly-8
4a58ab88-66d6-46c6-a23c-41b1745c382a.jpg,Nike-Superfly-8
742bdfb0-6260-4062-b96e-d670b5184095.jpg,Nike-Superfly-8
c3e2afb4-2e87-4787-9a8a-fb5cc83a5ea3.jpg,Nike-Superfly-8
74f8f431-ceca-4d60-b66f-2402424be674.jpg,Nike-Superfly-8
49961a6f-3551-4bcd-a02a-347a9aa961c8.jpg,Nike-Superfly-8
a74c0cbc-cfe1-4245-91a1-ca9d095f209f.jpg,Nike-Superfly-8
b4f73e1a-3f19-42bf-b41a-4dde5c4151b5.jpg,Nike-Superfly-8
8756b188-7aa1-4368-b061-9eb11c058833.jpg,Nike-Superfly-8
e6ba6bee-c59b-437f-9529-247fb80d619e.jpg,Nike-Superfly-8
b0d5e313-c4ea-4cc6-a6ae-b047a16ab721.jpg,Nike-Superfly-8
ed2a8c64-fd4c-4865-96e5-483ba29aa0e3.jpg,Nike-Superfly-8
ff6198f1-7805-49fb-b8c2-9b91eb6a6075.jpg,Nike-Superfly-8
628c6dc8-c378-4e78-a43e-8f3970e7070b.jpg,Nike-Superfly-8
f1cc6385-fb23-4a94-bece-91cad5e14d63.jpg,Nike-Superfly-8
1ac58910-e0df-4248-ae72-2692942cc100.jpg,Nike-Superfly-8
4a95e875-cea1-4f1a-be0b-622544713b1e.jpg,Nike-Superfly-8
71970b76-dace-4f73-908c-6f3b3e8f3895.jpg,Nike-Superfly-8
66a41f2d-6d64-4a29-86be-23719ca080ab.jpg,Nike-Superfly-8
9025a7ca-e46c-4587-b664-0d64060c5637.jpg,Nike-Superfly-8
2f75835e-5ce3-46b5-a165-e5cc50ce5716.jpg,Nike-Superfly-8
e9c2cef6-05d0-4ac0-89be-2a864951c444.jpg,Nike-Superfly-8
ef5d93e7-de2a-49ae-bb7a-9ae7ba1f592b.jpg,Nike-Superfly-8
5fe219b6-e755-4d7b-acd3-397591ee9e18.jpg,Nike-Superfly-8
02180ec2-58e0-442d-b813-0288968f4bb5.jpg,Nike-Superfly-8
44d6c4ec-f423-4b00-bf5e-f2b01e0dd879.jpg,Nike-Superfly-8
87538448-638c-438e-a71b-a34a606eaf44.jpg,Nike-Superfly-8
3666a931-dedd-4bb4-a64c-bb9e40036dc8.jpg,Nike-Superfly-8
fc9a28e2-c655-40ce-8427-a7bf5f4ffe42.jpg,Nike-Superfly-8
d161d170-e97b-4ba3-b8d0-25e17f1e5952.jpg,Nike-Superfly-8
06d82b6a-081e-4f57-8317-f6360604728b.jpg,Adidas-Predator-Mutator-Freak
335f229c-9e07-4583-9f38-182dd42ac5c3.jpg,Adidas-Predator-Mutator-Freak
46957ec6-651b-4cdd-be17-c2dbf12c65f9.jpg,Adidas-Predator-Mutator-Freak
a48c8584-51de-4cab-86fd-dabc30167ca5.jpg,Adidas-Predator-Mutator-Freak
441d41f5-21c6-4053-8de0-4b080e77617a.jpg,Adidas-Predator-Mutator-Freak
5963004c-3c74-44dc-9d54-c7774e19f567.jpg,Adidas-Predator-Mutator-Freak
668bbaaf-f816-45ec-8890-508f5972c00e.jpg,Adidas-Predator-Mutator-Freak
52cdd7f0-523e-4b4b-9ee0-25794e1f508c.jpg,Adidas-Predator-Mutator-Freak
bca7a4ce-38e2-44d5-a446-a296cf2e68cb.jpg,Adidas-Predator-Mutator-Freak
fc62fd0c-0733-4d98-bc3e-1c77e8585969.jpg,Adidas-Predator-Mutator-Freak
e057988c-a952-4213-9cbe-e7591fa7942e.jpg,Adidas-Predator-Mutator-Freak
c5dc8933-3ebd-4352-8cfb-a9e08d3f835e.png,Adidas-Predator-Mutator-Freak
e7a5d760-7593-420a-8dd3-468d104ba2fa.jpg,Adidas-Predator-Mutator-Freak
77405c79-e5a3-49ca-821f-77553e26ce66.jpg,Adidas-Predator-Mutator-Freak
c0fbf520-7f75-4f76-9140-8798eb66a0d6.jpg,Adidas-Predator-Mutator-Freak
d658c5e1-e148-419d-be65-835180d8ee95.jpg,Adidas-Predator-Mutator-Freak
f85be652-2e1f-4773-9f3f-9bd02ea7947d.jpg,Adidas-Predator-Mutator-Freak
77d7d0de-5289-434e-81e5-c7ead42f58ce.jpg,Adidas-Predator-Mutator-Freak
90ff6fb6-4c45-4319-bebb-5a426f3ea46c.jpg,Adidas-Predator-Mutator-Freak
b0826de4-ad2e-4322-9845-b63d69eab2b5.jpg,Adidas-Predator-Mutator-Freak
afa27336-94fe-409f-adae-7b5009573ec1.jpg,Adidas-Predator-Mutator-Freak
083faf77-2762-4f28-aafd-9927e8d46692.jpg,Adidas-Predator-Mutator-Freak
e590da87-1f63-4f3b-9ce6-11ab376521cc.jpg,Adidas-Predator-Mutator-Freak
550c4d85-696b-4e24-a35b-8f12dc9e5adc.jpg,Adidas-Predator-Mutator-Freak
ee336c56-2fb1-44a4-9bba-53bf5f7e8875.jpg,Adidas-Predator-Mutator-Freak
38e8a33d-6ca2-49d1-ac31-b717144fea48.jpg,Adidas-Predator-Mutator-Freak
2efb3d21-1a8b-43cc-afdb-7a603c2e3fec.jpg,Adidas-Predator-Mutator-Freak
91f966cc-4b77-4da9-bfeb-15006ad4292c.jpg,Adidas-Predator-Mutator-Freak
ed7b036d-eb9f-4557-a932-c00682e91b77.jpg,Adidas-Predator-Mutator-Freak
c67246c6-8f0f-4fde-902e-df5436cf4697.jpg,Adidas-Predator-Mutator-Freak
2f5a593b-4d93-4a97-ab3f-703535cb5ebf.jpg,Adidas-Predator-Mutator-Freak
86e40fb4-8de1-4684-9181-10a61b2b7ee0.jpg,Adidas-Predator-Mutator-Freak
470c3a7d-dd73-4370-9b7d-ae6a8dc91b7b.jpg,Adidas-Predator-Mutator-Freak
6b996cb2-89f2-4e5b-98dc-d32dc5034643.jpg,Adidas-Predator-Mutator-Freak
2c59172e-0250-460d-adff-ec21c2a55b8d.jpg,Adidas-Predator-Mutator-Freak
7f390aba-2ddd-4e81-a7ec-3b94c6fb1bc4.jpg,Adidas-Predator-Mutator-Freak
e7c23e06-9b62-47c9-8581-3b7d58c772ab.jpg,Adidas-Predator-Mutator-Freak
422b75c3-b45f-4386-ad7d-08bb2dd76e35.jpg,Adidas-Predator-Mutator-Freak
5e95735c-4175-41b5-ae96-3b7dd8bca9c2.jpg,Adidas-Predator-Mutator-Freak
255d6d47-03b4-49fb-a9db-2251b7c1b7d6.jpg,Adidas-Predator-Mutator-Freak
f8c78ce5-23ae-4ff9-bf9f-efb41164b11b.jpg,Adidas-Predator-Mutator-Freak
2ae8cb3c-82e0-4cc0-9f1c-e6c762a24da5.jpg,Adidas-Predator-Mutator-Freak
cdfe8bb4-3938-4997-b3c1-7629a11e0d41.jpg,Adidas-Predator-Mutator-Freak
9595f1c0-8f96-4ca3-8dec-2b210d330ad8.jpg,Adidas-Predator-Mutator-Freak
70155421-220c-4eb4-83bf-aa50da009ff8.jpg,Adidas-Predator-Mutator-Freak
e642120a-76fc-480a-8d19-4f3d1d8e81f9.jpg,Adidas-Predator-Mutator-Freak
fbc6178f-4367-425f-8395-6318cc37ac38.jpg,Adidas-Predator-Mutator-Freak
0c55b68f-1a29-452b-a0ef-a1bf0c73a6bb.jpg,Adidas-Predator-Mutator-Freak
04dfb33d-1fc0-4ecf-a078-30381cd89d68.jpg,Adidas-Predator-Mutator-Freak
76295811-bc6e-4167-a63d-6ac26c97695f.jpg,Adidas-Predator-Mutator-Freak
f6249095-1440-411b-ba85-09aa4dd11ea9.jpg,Adidas-Predator-Mutator-Freak
66b2304e-a2f4-4ba8-8635-87d0ed8dc558.jpg,Adidas-Predator-Mutator-Freak
e575f93c-11fd-477a-b2ad-d7b65ee9eccb.jpg,Adidas-Predator-Mutator-Freak
6929f78f-9818-43b7-977f-8763be6e7f75.jpg,Adidas-Predator-Mutator-Freak
e40a0202-be8b-488f-82b0-9fa3e9c1ee9b.jpg,Adidas-Predator-Mutator-Freak
b4467e87-826f-42f5-b8d7-b82fdb1f61a4.jpg,Adidas-Predator-Mutator-Freak
fa7549a7-eb30-411b-90fb-95b98c39240d.jpg,Adidas-Predator-Mutator-Freak
e2251ec8-a24e-4b96-9379-128b17f5fd3f.jpg,Adidas-Predator-Mutator-Freak
413d1d87-2af4-46e3-a09d-be22cb59fcf0.jpg,Adidas-Predator-Mutator-Freak
777f8ddc-ed4d-4d23-9938-03c9d7030818.jpg,Adidas-Predator-Mutator-Freak
30138df5-c1f7-48a5-b304-5e14abf5cd0a.jpg,Adidas-Predator-Mutator-Freak
42a7df6b-a909-4373-8395-a571d1074181.jpg,Adidas-Predator-Mutator-Freak
f51ed2e3-09a7-4205-a224-94825fea16c7.jpeg,Adidas-Predator-Mutator-Freak
de985769-0761-4dbd-8b71-72976516065e.jpeg,Adidas-Predator-Mutator-Freak
32b5ba03-6a9e-4332-8834-2b3c8720f458.jpeg,Adidas-Predator-Mutator-Freak
5f1dfe98-2d1b-498b-8ce7-0ab72a09e61d.jpeg,Adidas-Predator-Mutator-Freak
838eaac8-c5bd-44c2-8b5e-5460d67d6ba6.jpeg,Adidas-Predator-Mutator-Freak
369a944b-6153-4297-9c25-ace4a40ce003.jpg,Adidas-Predator-19
c300c3a8-3306-435e-a383-0c56d5bdd4c8.jpg,Adidas-Predator-19
be1e4fd3-4b3a-4880-8ba9-3ff8fde18ad8.jpg,Adidas-Predator-19
12af0fbf-9d1c-46d2-9b59-67c8c0c26391.jpg,Adidas-Predator-19
0207821c-e803-47a5-817c-4b0845457659.jpg,Adidas-Predator-19
cde9c2fa-d855-48ee-843a-146c8b08cc31.jpg,Adidas-Predator-19
1a33114e-798b-4cf3-aebd-2d5666544e79.jpg,Adidas-Predator-19
c59f0471-ee96-4923-9193-e480403a505e.jpg,Adidas-Predator-19
4421da13-3f2b-47fb-9930-165d4f18f249.jpg,Adidas-Predator-19
436f16c7-40c9-4b80-ad35-13b23608e4a7.jpg,Adidas-Predator-19
1c8efba1-2252-477d-bc44-1555495acbec.jpg,Adidas-Predator-19
dab48a2f-267d-480a-914d-b05b37d02af7.jpg,Adidas-Predator-19
3cecd3d8-db2a-4937-91ba-7eedf2e1dad1.jpg,Adidas-Predator-19
7a89edbe-0d66-4879-a031-6aa54ce1975f.jpg,Adidas-Predator-19
051ce6f0-d7de-475f-920e-4071b37ee183.jpg,Adidas-Predator-19
80eea13b-17f7-48b5-84c5-6395cdad0366.jpg,Adidas-Predator-19
a6957185-7f94-4fa9-9e5f-265b8eb21173.jpg,Adidas-Predator-19
ae010802-3ace-4709-be0e-6b59f4631fa8.jpg,Adidas-Predator-19
1f8accc3-f9f1-4788-bf85-97c45d41af57.jpg,Adidas-Predator-19
1847f392-4483-4910-9579-d23b1b615468.jpg,Adidas-Predator-19
174e2cdf-a6ed-49ca-a5b3-f84999b3ba8b.jpg,Adidas-Predator-19
aab6486a-4eeb-4ea2-b4f2-c317e4e398a3.jpg,Adidas-Predator-19
4d2f45e8-c3dc-4f12-a1de-e9bd58d5e98c.jpg,Adidas-Predator-19
dceb88ad-b250-4c08-90be-6cbb1c44ef6a.jpg,Adidas-Predator-19
56f98668-05eb-4c7d-b36f-6492c5073d26.png,Adidas-Predator-19
e83d97a0-431d-4385-886f-9075a1fba11c.jpg,Adidas-Predator-19
b5931829-3be6-4e02-83ec-e0bc7563bd9a.jpg,Adidas-Predator-19
9e691c14-65b5-4b9f-84cd-9d41daf11653.jpg,Adidas-Predator-19
ba0e2ade-b02c-42f2-96c8-e7ea9af30c05.jpg,Adidas-Predator-19
931201f2-6d6c-4514-89af-92be652b17a5.jpg,Adidas-Predator-19
ef957658-f519-4539-9100-63e0f5b5bb33.jpg,Adidas-Predator-19
1630e641-7bb9-4e5b-8621-82bc0652bce6.jpg,Adidas-Predator-19
59af0319-1f52-475e-98c4-8117021cebc2.jpg,Adidas-Predator-19
28c619c7-91f5-47e1-9bc0-a89e87ccf72b.jpg,Adidas-Predator-19
78368ac1-0851-4b73-b1df-695b69151103.jpg,Adidas-Predator-19
e1526a68-056b-4098-9bd5-f8b62baf7da5.jpg,Adidas-Predator-19
7311b0eb-2662-44d8-9311-095c16484269.jpg,Adidas-Predator-19
c0df54ce-535b-44dc-9cfb-74f81fcfe813.jpg,Adidas-Predator-19
04f36641-c90d-4573-a1aa-01bff7fa2308.jpg,Adidas-Predator-19
f4b358c7-8b53-4dc0-9666-ad566cd90403.jpg,Adidas-Predator-19
56f26940-ecf1-4694-8cf9-5993759252ce.jpg,Adidas-Predator-19
2995e05d-d727-48d3-8592-7457c4aee7bf.jpg,Adidas-Predator-19
bd94959c-d800-4df0-9562-a424aa093ff2.jpeg,Adidas-Predator-19
0ce32f28-8050-4a66-97aa-57d77c8f74f7.jpeg,Adidas-Predator-19
bee2a2ac-b00d-4f2a-a40f-b65698f36610.jpeg,Adidas-Predator-19
5138ec55-b7f2-40fc-bd7d-ecd647f5e3cb.jpg,Adidas-Copa-Mundial
5af29b5d-14a4-4374-8f87-9b38085b3248.jpg,Adidas-Copa-Mundial
2506e850-5d4b-49b4-b65d-1101394d8f16.jpg,Adidas-Copa-Mundial
44fa1688-563d-4497-8f41-803abfc8090a.jpg,Adidas-Copa-Mundial
20ad3e08-fcef-4aff-97a1-c8c81a3ca089.jpg,Adidas-Copa-Mundial
ad4d2fab-b189-4181-b3c3-cd0ec056ec64.jpg,Adidas-Copa-Mundial
49434e80-35d7-4db8-9b63-2bb31efe3ae3.jpg,Adidas-Copa-Mundial
dbb2b7ae-d97b-4263-a8ce-67e839529cc5.jpg,Adidas-Copa-Mundial
68f805f6-4c84-4088-8600-3f59a5279ae5.jpg,Adidas-Copa-Mundial
be09f456-3cd3-4cd9-8cb7-b1b494ddeb96.jpg,Adidas-Copa-Mundial
556e1d23-a35d-41d4-9f74-958c918713ba.jpg,Adidas-Copa-Mundial
bc5a0c88-4597-4d05-96ee-dec023ae6e94.jpg,Adidas-Copa-Mundial
fafba7da-1e8f-4e00-9a1a-3b28ef2f4050.jpg,Adidas-Copa-Mundial
a99c6540-0fb9-4db3-b9cc-7307fa1ccaee.jpg,Adidas-Copa-Mundial
c4437829-515e-4953-ba9f-9317efe56f1a.jpg,Adidas-Copa-Mundial
f4f747ca-9bb6-42ca-be51-c3ebe18a0dcb.jpg,Adidas-Copa-Mundial
51d87d88-255b-43fc-9cec-f690ea50969d.jpg,Adidas-Copa-Mundial
f1f45b8e-8093-40f1-96c4-cc63f911c4fa.jpg,Adidas-Copa-Mundial
b12f16ee-6073-4d94-b249-2dde4da6fe25.jpg,Adidas-Copa-Mundial
e20421b4-9916-4a7a-9f43-819c3bac531e.jpg,Adidas-Copa-Mundial
42e43120-920b-4c72-b184-d71fc39c67d7.jpg,Adidas-Copa-Mundial
62655fd7-3a5e-46f4-b90a-1c2ef649856b.jpg,Adidas-Copa-Mundial
114ee084-17a9-4e63-87e5-6c8c1823df2e.jpg,Adidas-Copa-Mundial
f08c04eb-5d50-4f1c-af88-c5ac5049d718.jpg,Adidas-Copa-Mundial
d674e4b8-4728-40f9-a9cf-48060ab80ec9.jpg,Adidas-Copa-Mundial
dfe46b57-637b-40b1-9b51-f9d31845e2ba.jpg,Adidas-Copa-Mundial
a06eb33e-9ffe-4db6-a2eb-e1ee5b73090b.jpg,Adidas-Copa-Mundial
63c627be-3ff5-405d-9447-403a4a5dad9f.jpg,Adidas-Copa-Mundial
dc104fc0-1eac-40ad-bd99-49b454709920.jpg,Adidas-Copa-Mundial
5738292e-7432-4a89-b82b-1f3ade0ca880.jpg,Adidas-Copa-Mundial
38764dd7-883f-4199-8408-1e7c0f2abb79.jpg,Adidas-Copa-Mundial
38758762-7e7c-41eb-85cc-698b2470d962.jpg,Adidas-Copa-Mundial
8817afd7-4079-4d30-9ba3-31fc74eac4c0.jpg,Adidas-Copa-Mundial
011e1c54-92d6-4591-b3ff-36bf335dd719.jpg,Adidas-Copa-Mundial
dbb9595e-bc3c-4c26-a7f2-03cc9dc79b14.jpg,Adidas-Copa-Mundial
6e76165c-19b3-442d-a244-1690c31c1694.jpg,Adidas-Copa-Mundial
f65c4d5c-2225-46ad-b8c7-ce8deb4f5cbd.jpg,Adidas-Copa-Mundial
99e4f043-59ef-48e0-a29b-0850d245fe7b.jpg,Adidas-Copa-Mundial
d787304f-2336-455d-8998-ecf93d9fe67a.jpg,Adidas-Copa-Mundial
4f917ba9-78c9-46bc-b0d8-a1cad7e600ee.jpg,Adidas-Copa-Mundial
3a34bb42-563e-4645-8ffa-45ce3de06c83.jpg,Adidas-Copa-Mundial
345729db-dc2d-4f7b-bd74-1f09141055c0.jpg,Adidas-Copa-Mundial
4b222970-9d79-402a-adb7-6058a9346b9c.jpg,Adidas-Copa-Mundial
1650136c-db49-4321-8746-6483b0707b24.jpg,Adidas-Copa-Mundial
5f4fb0b1-28ce-4bb9-bcbf-00d215a8a57d.jpg,Adidas-Copa-Mundial
234255f3-ecc4-417b-a21e-27ca974c9dd7.jpg,Adidas-Copa-Mundial
